scope	sourceType	targetType	accessType	properties	kind	rationale	profileVersion
element	Capabilities	Capability		taxonomy.id;taxonomy.type;taxonomy.relevance;taxonomy.anchor;taxonomy.selectedForImpact;taxonomy.layer;taxonomy.depth;taxonomy.parentId	MAPPED	Taxonomy category projected to ArchiMate; exact source type retained in taxonomy.type.	taxonomy-archimate-3.1-v2
element	Business Processes	BusinessProcess		taxonomy.id;taxonomy.type;taxonomy.relevance;taxonomy.anchor;taxonomy.selectedForImpact;taxonomy.layer;taxonomy.depth;taxonomy.parentId	MAPPED	Taxonomy category projected to ArchiMate; exact source type retained in taxonomy.type.	taxonomy-archimate-3.1-v2
element	Business Roles	BusinessRole		taxonomy.id;taxonomy.type;taxonomy.relevance;taxonomy.anchor;taxonomy.selectedForImpact;taxonomy.layer;taxonomy.depth;taxonomy.parentId	MAPPED	Taxonomy category projected to ArchiMate; exact source type retained in taxonomy.type.	taxonomy-archimate-3.1-v2
element	Services	ApplicationService		taxonomy.id;taxonomy.type;taxonomy.relevance;taxonomy.anchor;taxonomy.selectedForImpact;taxonomy.layer;taxonomy.depth;taxonomy.parentId	MAPPED	Taxonomy category projected to ArchiMate; exact source type retained in taxonomy.type.	taxonomy-archimate-3.1-v2
element	COI Services	BusinessService		taxonomy.id;taxonomy.type;taxonomy.relevance;taxonomy.anchor;taxonomy.selectedForImpact;taxonomy.layer;taxonomy.depth;taxonomy.parentId	MAPPED	Taxonomy category projected to ArchiMate; exact source type retained in taxonomy.type.	taxonomy-archimate-3.1-v2
element	Communications Services	CommunicationNetwork		taxonomy.id;taxonomy.type;taxonomy.relevance;taxonomy.anchor;taxonomy.selectedForImpact;taxonomy.layer;taxonomy.depth;taxonomy.parentId	MAPPED	Taxonomy category projected to ArchiMate; exact source type retained in taxonomy.type.	taxonomy-archimate-3.1-v2
element	Core Services	TechnologyService		taxonomy.id;taxonomy.type;taxonomy.relevance;taxonomy.anchor;taxonomy.selectedForImpact;taxonomy.layer;taxonomy.depth;taxonomy.parentId	MAPPED	Taxonomy category projected to ArchiMate; exact source type retained in taxonomy.type.	taxonomy-archimate-3.1-v2
element	Applications	ApplicationComponent		taxonomy.id;taxonomy.type;taxonomy.relevance;taxonomy.anchor;taxonomy.selectedForImpact;taxonomy.layer;taxonomy.depth;taxonomy.parentId	MAPPED	Taxonomy category projected to ArchiMate; exact source type retained in taxonomy.type.	taxonomy-archimate-3.1-v2
element	User Applications	ApplicationComponent		taxonomy.id;taxonomy.type;taxonomy.relevance;taxonomy.anchor;taxonomy.selectedForImpact;taxonomy.layer;taxonomy.depth;taxonomy.parentId	MAPPED	Taxonomy category projected to ArchiMate; exact source type retained in taxonomy.type.	taxonomy-archimate-3.1-v2
element	Information Products	DataObject		taxonomy.id;taxonomy.type;taxonomy.relevance;taxonomy.anchor;taxonomy.selectedForImpact;taxonomy.layer;taxonomy.depth;taxonomy.parentId	MAPPED	Taxonomy category projected to ArchiMate; exact source type retained in taxonomy.type.	taxonomy-archimate-3.1-v2
element	Systems	ApplicationComponent		taxonomy.id;taxonomy.type;taxonomy.relevance;taxonomy.anchor;taxonomy.selectedForImpact;taxonomy.layer;taxonomy.depth;taxonomy.parentId	MAPPED	Taxonomy category projected to ArchiMate; exact source type retained in taxonomy.type.	taxonomy-archimate-3.1-v2
element	Components	ApplicationComponent		taxonomy.id;taxonomy.type;taxonomy.relevance;taxonomy.anchor;taxonomy.selectedForImpact;taxonomy.layer;taxonomy.depth;taxonomy.parentId	MAPPED	Taxonomy category projected to ArchiMate; exact source type retained in taxonomy.type.	taxonomy-archimate-3.1-v2
element	System	Node		taxonomy.id;taxonomy.type;taxonomy.relevance;taxonomy.anchor;taxonomy.selectedForImpact;taxonomy.layer;taxonomy.depth;taxonomy.parentId	MAPPED	Taxonomy category projected to ArchiMate; exact source type retained in taxonomy.type.	taxonomy-archimate-3.1-v2
element	Component	ApplicationComponent		taxonomy.id;taxonomy.type;taxonomy.relevance;taxonomy.anchor;taxonomy.selectedForImpact;taxonomy.layer;taxonomy.depth;taxonomy.parentId	MAPPED	Taxonomy category projected to ArchiMate; exact source type retained in taxonomy.type.	taxonomy-archimate-3.1-v2
element	UserApplication	ApplicationComponent		taxonomy.id;taxonomy.type;taxonomy.relevance;taxonomy.anchor;taxonomy.selectedForImpact;taxonomy.layer;taxonomy.depth;taxonomy.parentId	MAPPED	Taxonomy category projected to ArchiMate; exact source type retained in taxonomy.type.	taxonomy-archimate-3.1-v2
element	CoreService	TechnologyService		taxonomy.id;taxonomy.type;taxonomy.relevance;taxonomy.anchor;taxonomy.selectedForImpact;taxonomy.layer;taxonomy.depth;taxonomy.parentId	MAPPED	Taxonomy category projected to ArchiMate; exact source type retained in taxonomy.type.	taxonomy-archimate-3.1-v2
relationship	SUPPORTS	Serving		taxonomy.id;taxonomy.type;taxonomy.relevance;taxonomy.relationCategory	MAPPED	Broad ArchiMate projection with Taxonomy endpoint order retained; exact type and category remain properties. Native metamodel equivalence is not asserted.	taxonomy-archimate-3.1-v2
relationship	ENABLES	Serving		taxonomy.id;taxonomy.type;taxonomy.relevance;taxonomy.relationCategory	MAPPED	Broad ArchiMate projection with Taxonomy endpoint order retained; exact type and category remain properties. Native metamodel equivalence is not asserted.	taxonomy-archimate-3.1-v2
relationship	USES	Serving		taxonomy.id;taxonomy.type;taxonomy.relevance;taxonomy.relationCategory	MAPPED	Broad ArchiMate projection with Taxonomy endpoint order retained; exact type and category remain properties. Native metamodel equivalence is not asserted.	taxonomy-archimate-3.1-v2
relationship	DEPENDS_ON	Serving		taxonomy.id;taxonomy.type;taxonomy.relevance;taxonomy.relationCategory	MAPPED	Broad ArchiMate projection with Taxonomy endpoint order retained; exact type and category remain properties. Native metamodel equivalence is not asserted.	taxonomy-archimate-3.1-v2
relationship	PRODUCES	Access	Write	taxonomy.id;taxonomy.type;taxonomy.relevance;taxonomy.relationCategory	MAPPED	Broad ArchiMate projection with Taxonomy endpoint order retained; exact type and category remain properties. Native metamodel equivalence is not asserted.	taxonomy-archimate-3.1-v2
relationship	CONSUMES	Access	Read	taxonomy.id;taxonomy.type;taxonomy.relevance;taxonomy.relationCategory	MAPPED	Broad ArchiMate projection with Taxonomy endpoint order retained; exact type and category remain properties. Native metamodel equivalence is not asserted.	taxonomy-archimate-3.1-v2
relationship	REQUIRES	Access		taxonomy.id;taxonomy.type;taxonomy.relevance;taxonomy.relationCategory	MAPPED	Broad ArchiMate projection with Taxonomy endpoint order retained; exact type and category remain properties. Native metamodel equivalence is not asserted.	taxonomy-archimate-3.1-v2
relationship	REALIZES	Realization		taxonomy.id;taxonomy.type;taxonomy.relevance;taxonomy.relationCategory	MAPPED	Broad ArchiMate projection with Taxonomy endpoint order retained; exact type and category remain properties. Native metamodel equivalence is not asserted.	taxonomy-archimate-3.1-v2
relationship	IMPLEMENTS	Realization		taxonomy.id;taxonomy.type;taxonomy.relevance;taxonomy.relationCategory	MAPPED	Broad ArchiMate projection with Taxonomy endpoint order retained; exact type and category remain properties. Native metamodel equivalence is not asserted.	taxonomy-archimate-3.1-v2
relationship	FULFILLS	Realization		taxonomy.id;taxonomy.type;taxonomy.relevance;taxonomy.relationCategory	MAPPED	Broad ArchiMate projection with Taxonomy endpoint order retained; exact type and category remain properties. Native metamodel equivalence is not asserted.	taxonomy-archimate-3.1-v2
relationship	ASSIGNED_TO	Assignment		taxonomy.id;taxonomy.type;taxonomy.relevance;taxonomy.relationCategory	MAPPED	Broad ArchiMate projection with Taxonomy endpoint order retained; exact type and category remain properties. Native metamodel equivalence is not asserted.	taxonomy-archimate-3.1-v2
relationship	COMMUNICATES_WITH	Flow		taxonomy.id;taxonomy.type;taxonomy.relevance;taxonomy.relationCategory	MAPPED	Broad ArchiMate projection with Taxonomy endpoint order retained; exact type and category remain properties. Native metamodel equivalence is not asserted.	taxonomy-archimate-3.1-v2
relationship	PART_OF	Composition		taxonomy.id;taxonomy.type;taxonomy.relevance;taxonomy.relationCategory	MAPPED	Broad ArchiMate projection with Taxonomy endpoint order retained; exact type and category remain properties. Native metamodel equivalence is not asserted.	taxonomy-archimate-3.1-v2
relationship	CONTAINS	Composition		taxonomy.id;taxonomy.type;taxonomy.relevance;taxonomy.relationCategory	MAPPED	Broad ArchiMate projection with Taxonomy endpoint order retained; exact type and category remain properties. Native metamodel equivalence is not asserted.	taxonomy-archimate-3.1-v2
relationship	RELATED_TO	Association		taxonomy.id;taxonomy.type;taxonomy.relevance;taxonomy.relationCategory	MAPPED	Broad ArchiMate projection with Taxonomy endpoint order retained; exact type and category remain properties. Native metamodel equivalence is not asserted.	taxonomy-archimate-3.1-v2
